faculty_id,faculty_name,email,department,contact_no
1,Prof. Sanjay Singh,prof.sanjay.singh.1@university.edu,BCA,7422410260
2,Dr. Anjali Patel,dr.anjali.patel.2@university.edu,BCA,8957500008
3,Dr. Anjali Desai,dr.anjali.desai.3@university.edu,BCA,7247212726
4,Dr. Suresh Singh,dr.suresh.singh.4@university.edu,BCA,7075936954
5,Prof. Rajesh Mehta,prof.rajesh.mehta.5@university.edu,MCA,8835120586
6,Dr. Geeta Mehta,dr.geeta.mehta.6@university.edu,MCA,7385932511
7,Prof. Kiran Kumar,prof.kiran.kumar.7@university.edu,MCA,7199621645
8,Dr. Ramesh Rao,dr.ramesh.rao.8@university.edu,MCA,7850101780
9,Prof. Geeta Gupta,prof.geeta.gupta.9@university.edu,MCA,8702139134
